feature,importance
price_ma_5,0.41935608
cumulative_sentiment,0.20990993
price_lag_1,0.18493459
price_lag_2,0.12301516
price_lag_3,0.03384222
price_lag_5,0.014269257
price_return_5,0.003272323
price_return_1,0.002786144
price_ma_50,0.0016480606
price_lag_20,0.0011116416
