feature,importance
price_ma_5,0.5864824
price_lag_1,0.26390037
price_lag_2,0.10177859
price_lag_7,0.016997132
price_return_1,0.00486223
price_return_5,0.0040553208
sentiment_std_10,0.0030683312
price_std_5,0.0022503475
sentiment_ma_10,0.0020721732
price_ma_20,0.0019679738
