feature,importance
price_ma_5,0.42636108
price_lag_1,0.304224
price_lag_2,0.21000189
price_ma_20,0.012483945
price_return_5,0.012318167
price_return_1,0.011609688
price_std_5,0.004265533
price_lag_3,0.0022516213
price_std_20,0.00209235
price_lag_5,0.0017665386
