feature,importance
price_ma_5,0.4546809
price_lag_1,0.35006115
price_lag_2,0.15809885
sentiment_std_5,0.0055162595
price_std_20,0.0054052747
price_return_1,0.0044355397
price_return_5,0.003843257
price_lag_5,0.0027909747
price_std_5,0.0024808457
cumulative_sentiment,0.0022249543
