feature,importance
price_ma_5,0.7151447
price_lag_1,0.14492176
price_lag_2,0.101908766
price_return_5,0.009285571
price_return_1,0.0053903796
price_lag_5,0.0030389237
price_ma_20,0.0028063997
cumulative_sentiment,0.0022217154
sentiment_lag_1,0.0018486902
price_lag_10,0.001455842
