feature,importance
price_ma_5,0.67149657
price_lag_1,0.17011409
price_lag_2,0.12881628
price_return_5,0.006399617
price_return_1,0.006209417
price_lag_7,0.0031478102
price_std_5,0.002953042
price_ma_50,0.0016366747
price_ma_20,0.0010892517
cumulative_sentiment,0.0010760506
