feature,importance
price_ma_5,0.44062075
price_lag_1,0.29379827
price_lag_2,0.130497
cumulative_sentiment,0.07098833
sentiment_std_10,0.008956455
price_return_5,0.008510275
price_lag_5,0.0064115007
price_std_20,0.0056699887
price_return_1,0.0055464236
price_lag_10,0.004224472
